"Status","Start Time","Stop Time","Duration in ms","Parent Suite","Suite","Sub Suite","Test Class","Test Method","Name","Description"
"passed","Mon Sep 28 18:10:29 UTC 2026","Mon Sep 28 18:10:30 UTC 2026","511","Surefire suite","Surefire test","com.api.test.datadriven.LoginAPIDataDrivenTest","com.api.test.datadriven.LoginAPIDataDrivenTest","loginAPITest","Verifying if login is working for FD user",""
"passed","Mon Sep 28 18:10:19 UTC 2026","Mon Sep 28 18:10:20 UTC 2026","1201","Surefire suite","Surefire test","com.api.test.datadriven.CreateJobJsonAPIDateDrivenTest","com.api.test.datadriven.CreateJobJsonAPIDateDrivenTest","createJobAPITest","Verify if the create API is able to create Inwarranty job",""
"failed","Mon Sep 28 18:10:29 UTC 2026","Mon Sep 28 18:10:29 UTC 2026","574","Surefire suite","Surefire test","com.api.test.datadriven.CreateJobAPIExcelDateDrivenTest","com.api.test.datadriven.CreateJobAPIExcelDateDrivenTest","createJobAPITest","Verify if the create API is able to create Inwarranty job",""
"failed","Mon Sep 28 18:10:28 UTC 2026","Mon Sep 28 18:10:28 UTC 2026","607","Surefire suite","Surefire test","com.api.test.datadriven.CreateJobAPIDBDateDrivenTest","com.api.test.datadriven.CreateJobAPIDBDateDrivenTest","createJobAPITest","Verify if the create API is able to create Inwarranty job",""
"passed","Mon Sep 28 18:10:21 UTC 2026","Mon Sep 28 18:10:22 UTC 2026","533","Surefire suite","Surefire test","com.api.test.datadriven.LoginAPIExcelDataDrivenTest","com.api.test.datadriven.LoginAPIExcelDataDrivenTest","loginAPITest","Verifying if login is working for FD user with multiple users",""
"passed","Mon Sep 28 18:10:41 UTC 2026","Mon Sep 28 18:10:41 UTC 2026","610","Surefire suite","Surefire test","com.api.test.CountAPITest","com.api.test.CountAPITest","verifyCountAPIResponse","Verify the count API is giving correct response","Verifying the count API is giving correct response"
"passed","Mon Sep 28 18:10:23 UTC 2026","Mon Sep 28 18:10:23 UTC 2026","518","Surefire suite","Surefire test","com.api.test.datadriven.LoginAPIJSONDataDrivenTest","com.api.test.datadriven.LoginAPIJSONDataDrivenTest","loginAPITest","Verifying if login is working for FD user",""
"passed","Mon Sep 28 18:10:22 UTC 2026","Mon Sep 28 18:10:23 UTC 2026","774","Surefire suite","Surefire test","com.api.test.datadriven.CreateJobAPIDataDrivenTest","com.api.test.datadriven.CreateJobAPIDataDrivenTest","createJobAPITest","Verify if the create API is able to create Inwarranty job",""
"passed","Mon Sep 28 18:10:42 UTC 2026","Mon Sep 28 18:10:43 UTC 2026","669","Surefire suite","Surefire test","com.api.test.MasterAPITest","com.api.test.MasterAPITest","masterAPITest","Verify if the master API is giving correct response","Verify if the master API is giving correct response"
"passed","Mon Sep 28 18:10:23 UTC 2026","Mon Sep 28 18:10:24 UTC 2026","817","Surefire suite","Surefire test","com.api.test.datadriven.CreateJobAPIFakeDataDrivenTest","com.api.test.datadriven.CreateJobAPIFakeDataDrivenTest","createJobAPITest","Verify if the create API is able to create Inwarranty job",""
"passed","Mon Sep 28 18:10:22 UTC 2026","Mon Sep 28 18:10:23 UTC 2026","742","Surefire suite","Surefire test","com.api.test.datadriven.CreateJobAPIDataDrivenTest","com.api.test.datadriven.CreateJobAPIDataDrivenTest","createJobAPITest","Verify if the create API is able to create Inwarranty job",""
"passed","Mon Sep 28 18:10:21 UTC 2026","Mon Sep 28 18:10:22 UTC 2026","535","Surefire suite","Surefire test","com.api.test.datadriven.LoginAPIExcelDataDrivenTest","com.api.test.datadriven.LoginAPIExcelDataDrivenTest","loginAPITest","Verifying if login is working for FD user with multiple users",""
"failed","Mon Sep 28 18:10:29 UTC 2026","Mon Sep 28 18:10:29 UTC 2026","608","Surefire suite","Surefire test","com.api.test.datadriven.CreateJobAPIExcelDateDrivenTest","com.api.test.datadriven.CreateJobAPIExcelDateDrivenTest","createJobAPITest","Verify if the create API is able to create Inwarranty job",""
"passed","Mon Sep 28 18:10:23 UTC 2026","Mon Sep 28 18:10:24 UTC 2026","751","Surefire suite","Surefire test","com.api.test.datadriven.CreateJobAPIFakeDataDrivenTest","com.api.test.datadriven.CreateJobAPIFakeDataDrivenTest","createJobAPITest","Verify if the create API is able to create Inwarranty job",""
"passed","Mon Sep 28 18:10:22 UTC 2026","Mon Sep 28 18:10:23 UTC 2026","815","Surefire suite","Surefire test","com.api.test.datadriven.CreateJobAPIDataDrivenTest","com.api.test.datadriven.CreateJobAPIDataDrivenTest","createJobAPITest","Verify if the create API is able to create Inwarranty job",""
"failed","Mon Sep 28 18:10:29 UTC 2026","Mon Sep 28 18:10:29 UTC 2026","619","Surefire suite","Surefire test","com.api.test.datadriven.CreateJobAPIExcelDateDrivenTest","com.api.test.datadriven.CreateJobAPIExcelDateDrivenTest","createJobAPITest","Verify if the create API is able to create Inwarranty job",""
"passed","Mon Sep 28 18:10:30 UTC 2026","Mon Sep 28 18:10:30 UTC 2026","500","Surefire suite","Surefire test","com.api.test.UserDetailsAPITest","com.api.test.UserDetailsAPITest","userDetailsAPITest","Verify if the user details API response is shown correctly","Verify if the user details API response is shown correctly"
"passed","Mon Sep 28 18:10:19 UTC 2026","Mon Sep 28 18:10:20 UTC 2026","1226","Surefire suite","Surefire test","com.api.test.datadriven.CreateJobJsonAPIDateDrivenTest","com.api.test.datadriven.CreateJobJsonAPIDateDrivenTest","createJobAPITest","Verify if the create API is able to create Inwarranty job",""
"passed","Mon Sep 28 18:10:23 UTC 2026","Mon Sep 28 18:10:24 UTC 2026","904","Surefire suite","Surefire test","com.api.test.datadriven.CreateJobAPIFakeDataDrivenTest","com.api.test.datadriven.CreateJobAPIFakeDataDrivenTest","createJobAPITest","Verify if the create API is able to create Inwarranty job",""
"passed","Mon Sep 28 18:10:23 UTC 2026","Mon Sep 28 18:10:24 UTC 2026","813","Surefire suite","Surefire test","com.api.test.datadriven.CreateJobAPIFakeDataDrivenTest","com.api.test.datadriven.CreateJobAPIFakeDataDrivenTest","createJobAPITest","Verify if the create API is able to create Inwarranty job",""
"passed","Mon Sep 28 18:10:23 UTC 2026","Mon Sep 28 18:10:23 UTC 2026","524","Surefire suite","Surefire test","com.api.test.datadriven.LoginAPIJSONDataDrivenTest","com.api.test.datadriven.LoginAPIJSONDataDrivenTest","loginAPITest","Verifying if login is working for FD user",""
"passed","Mon Sep 28 18:10:43 UTC 2026","Mon Sep 28 18:10:44 UTC 2026","473","Surefire suite","Surefire test","com.api.test.MasterAPITest","com.api.test.MasterAPITest","verifyMasterAPIWithoutToken","Verify if the master API gives correct status code for NO Auth Token","Verify if the master API gives correct status code for NO Auth Token"
"passed","Mon Sep 28 18:10:28 UTC 2026","Mon Sep 28 18:10:29 UTC 2026","743","Surefire suite","Surefire test","com.api.test.datadriven.CreateJobAPIDBDateDrivenTest","com.api.test.datadriven.CreateJobAPIDBDateDrivenTest","createJobAPITest","Verify if the create API is able to create Inwarranty job",""
"passed","Mon Sep 28 18:10:28 UTC 2026","Mon Sep 28 18:10:29 UTC 2026","753","Surefire suite","Surefire test","com.api.test.datadriven.CreateJobAPIDBDateDrivenTest","com.api.test.datadriven.CreateJobAPIDBDateDrivenTest","createJobAPITest","Verify if the create API is able to create Inwarranty job",""
"passed","Mon Sep 28 18:10:41 UTC 2026","Mon Sep 28 18:10:42 UTC 2026","599","Surefire suite","Surefire test","com.api.test.CreateJobAPITest","com.api.test.CreateJobAPITest","createJobAPITest","Verify if the create API is able to create Inwarranty job","Verify if FD is able to use create job API and Inwarranty job is created"
"passed","Mon Sep 28 18:10:23 UTC 2026","Mon Sep 28 18:10:24 UTC 2026","877","Surefire suite","Surefire test","com.api.test.datadriven.CreateJobAPIFakeDataDrivenTest","com.api.test.datadriven.CreateJobAPIFakeDataDrivenTest","createJobAPITest","Verify if the create API is able to create Inwarranty job",""
"passed","Mon Sep 28 18:10:40 UTC 2026","Mon Sep 28 18:10:41 UTC 2026","730","Surefire suite","Surefire test","com.api.test.CountAPITest","com.api.test.CountAPITest","countAPITest_MissingAuthToken","Verify count API gives correct status if Auth not provides","Verify count API gives correct status if Auth not provides"
"passed","Mon Sep 28 18:10:29 UTC 2026","Mon Sep 28 18:10:29 UTC 2026","701","Surefire suite","Surefire test","com.api.test.datadriven.CreateJobAPIExcelDateDrivenTest","com.api.test.datadriven.CreateJobAPIExcelDateDrivenTest","createJobAPITest","Verify if the create API is able to create Inwarranty job",""
"passed","Mon Sep 28 18:10:23 UTC 2026","Mon Sep 28 18:10:23 UTC 2026","522","Surefire suite","Surefire test","com.api.test.datadriven.LoginAPIJSONDataDrivenTest","com.api.test.datadriven.LoginAPIJSONDataDrivenTest","loginAPITest","Verifying if login is working for FD user",""
"failed","Mon Sep 28 18:10:28 UTC 2026","Mon Sep 28 18:10:28 UTC 2026","590","Surefire suite","Surefire test","com.api.test.datadriven.CreateJobAPIDBDateDrivenTest","com.api.test.datadriven.CreateJobAPIDBDateDrivenTest","createJobAPITest","Verify if the create API is able to create Inwarranty job",""
"passed","Mon Sep 28 18:10:29 UTC 2026","Mon Sep 28 18:10:30 UTC 2026","510","Surefire suite","Surefire test","com.api.test.datadriven.LoginAPIDataDrivenTest","com.api.test.datadriven.LoginAPIDataDrivenTest","loginAPITest","Verifying if login is working for FD user",""
"passed","Mon Sep 28 18:10:29 UTC 2026","Mon Sep 28 18:10:30 UTC 2026","532","Surefire suite","Surefire test","com.api.test.datadriven.LoginAPIDataDrivenTest","com.api.test.datadriven.LoginAPIDataDrivenTest","loginAPITest","Verifying if login is working for FD user",""
"failed","Mon Sep 28 18:10:29 UTC 2026","Mon Sep 28 18:10:30 UTC 2026","516","Surefire suite","Surefire test","com.api.test.datadriven.LoginAPIDataDrivenTest","com.api.test.datadriven.LoginAPIDataDrivenTest","loginAPITest","Verifying if login is working for FD user",""
"passed","Mon Sep 28 18:10:32 UTC 2026","Mon Sep 28 18:10:40 UTC 2026","8090","Surefire suite","Surefire test","com.api.test.CreateJobAPIWithDBValidationTest","com.api.test.CreateJobAPIWithDBValidationTest","createJobAPITest","Verify if the create API is able to create Inwarranty job",""
"passed","Mon Sep 28 18:10:22 UTC 2026","Mon Sep 28 18:10:23 UTC 2026","799","Surefire suite","Surefire test","com.api.test.datadriven.CreateJobAPIDataDrivenTest","com.api.test.datadriven.CreateJobAPIDataDrivenTest","createJobAPITest","Verify if the create API is able to create Inwarranty job",""
"failed","Mon Sep 28 18:10:30 UTC 2026","Mon Sep 28 18:10:32 UTC 2026","1552","Surefire suite","Surefire test","com.api.test.DetailAPITest","com.api.test.DetailAPITest","verifyCreatedTodayDashboardDetails","Verify the created today Details API response","Verify the created today Details API response"
"passed","Mon Sep 28 18:10:15 UTC 2026","Mon Sep 28 18:10:19 UTC 2026","3811","Surefire suite","Surefire test","com.api.test.LoginAPITest","com.api.test.LoginAPITest","loginAPITest","Verifying if login is working for FD user","Verify if FD user is able to login via api"
"passed","Mon Sep 28 18:10:42 UTC 2026","Mon Sep 28 18:10:42 UTC 2026","489","Surefire suite","Surefire test","com.api.test.MasterAPITest","com.api.test.MasterAPITest","invalidTokenMasterAPITest","Verify if the master API gives correct status code for invalid Auth Token","Verify if the master API gives correct status code for invalid Auth Token"
